order,h_top,h_meas
1,0.694241914,0.667765932
2,0.694241914,0.667770542
3,0.694241914,0.667621529
4,0.694241914,0.667086255
5,0.694241914,0.666410183
